Major,Year,School,Enrollment
Art History,2018,Morrissey College of Arts and Sciences,30
Biochemistry,2018,Morrissey College of Arts and Sciences,254
Biology,2018,Morrissey College of Arts and Sciences,958
Chemistry,2018,Morrissey College of Arts and Sciences,121
Classics,2018,Morrissey College of Arts and Sciences,24
Communication,2018,Morrissey College of Arts and Sciences,757
Computer Science,2018,Morrissey College of Arts and Sciences,374
Economics,2018,Morrissey College of Arts and Sciences,1094
English,2018,Morrissey College of Arts and Sciences,408
Environmental Geosciences,2018,Morrissey College of Arts and Sciences,41
Environmental Studies,2018,Morrissey College of Arts and Sciences,56
Film Studies,2018,Morrissey College of Arts and Sciences,37
French,2018,Morrissey College of Arts and Sciences,21
Geological Sciences,2018,Morrissey College of Arts and Sciences,11
German,2018,Morrissey College of Arts and Sciences,7
Hispanic Studies,2018,Morrissey College of Arts and Sciences,29
History,2018,Morrissey College of Arts and Sciences,245
Independent,2018,Morrissey College of Arts and Sciences,1
International Studies,2018,Morrissey College of Arts and Sciences,267
Islamic Civilization & Societies,2018,Morrissey College of Arts and Sciences,12
Italian,2018,Morrissey College of Arts and Sciences,4
Mathematics,2018,Morrissey College of Arts and Sciences,329
Music,2018,Morrissey College of Arts and Sciences,24
Philosophy,2018,Morrissey College of Arts and Sciences,174
Physics,2018,Morrissey College of Arts and Sciences,107
Political Science,2018,Morrissey College of Arts and Sciences,873
Psychology,2018,Morrissey College of Arts and Sciences,506
Sociology,2018,Morrissey College of Arts and Sciences,161
Studio Art,2018,Morrissey College of Arts and Sciences,25
Theatre,2018,Morrissey College of Arts and Sciences,52
Theology,2018,Morrissey College of Arts and Sciences,34
Art History,2017,Morrissey College of Arts and Sciences,39
Biochemistry,2017,Morrissey College of Arts and Sciences,238
Biology,2017,Morrissey College of Arts and Sciences,927
Chemistry,2017,Morrissey College of Arts and Sciences,104
Classics,2017,Morrissey College of Arts and Sciences,16
Communication,2017,Morrissey College of Arts and Sciences,751
Computer Science,2017,Morrissey College of Arts and Sciences,323
Economics,2017,Morrissey College of Arts and Sciences,1162
English,2017,Morrissey College of Arts and Sciences,433
Environmental Geosciences,2017,Morrissey College of Arts and Sciences,38
Environmental Studies,2017,Morrissey College of Arts and Sciences,46
Film Studies,2017,Morrissey College of Arts and Sciences,25
French,2017,Morrissey College of Arts and Sciences,23
Geological Sciences,2017,Morrissey College of Arts and Sciences,9
German,2017,Morrissey College of Arts and Sciences,15
Hispanic Studies,2017,Morrissey College of Arts and Sciences,34
History,2017,Morrissey College of Arts and Sciences,256
Independent,2017,Morrissey College of Arts and Sciences,0
International Studies,2017,Morrissey College of Arts and Sciences,253
Islamic Civilization & Societies,2017,Morrissey College of Arts and Sciences,16
Italian,2017,Morrissey College of Arts and Sciences,1
Mathematics,2017,Morrissey College of Arts and Sciences,333
Music,2017,Morrissey College of Arts and Sciences,19
Philosophy,2017,Morrissey College of Arts and Sciences,180
Physics,2017,Morrissey College of Arts and Sciences,108
Political Science,2017,Morrissey College of Arts and Sciences,893
Psychology,2017,Morrissey College of Arts and Sciences,485
Sociology,2017,Morrissey College of Arts and Sciences,179
Studio Art,2017,Morrissey College of Arts and Sciences,20
Theatre,2017,Morrissey College of Arts and Sciences,44
Theology,2017,Morrissey College of Arts and Sciences,53
Theology,1990,Morrissey College of Arts and Sciences,21
Theatre,1990,Morrissey College of Arts and Sciences,27
Studio Art,1990,Morrissey College of Arts and Sciences,23
Sociology,1990,Morrissey College of Arts and Sciences,148
Slavic & Eastern Languages,1990,Morrissey College of Arts and Sciences,15
Psychology,1990,Morrissey College of Arts and Sciences,516
Political Science,1990,Morrissey College of Arts and Sciences,823
Physics,1990,Morrissey College of Arts and Sciences,34
Philosophy,1990,Morrissey College of Arts and Sciences,246
Music,1990,Morrissey College of Arts and Sciences,5
Mathematics,1990,Morrissey College of Arts and Sciences,221
Italian,1990,Morrissey College of Arts and Sciences,13
Islamic Civilization & Societies,1990,Morrissey College of Arts and Sciences,
International Studies,1990,Morrissey College of Arts and Sciences,
Independent,1990,Morrissey College of Arts and Sciences,5
History,1990,Morrissey College of Arts and Sciences,403
Hispanic Studies,1990,Morrissey College of Arts and Sciences,63
German,1990,Morrissey College of Arts and Sciences,16
Geological Sciences,1990,Morrissey College of Arts and Sciences,
Geological Sci./Environmental Geosciences,1990,Morrissey College of Arts and Sciences,33
French,1990,Morrissey College of Arts and Sciences,62
Film Studies,1990,Morrissey College of Arts and Sciences,
Environmental Studies,1990,Morrissey College of Arts and Sciences,
Environmental Geosciences,1990,Morrissey College of Arts and Sciences,
English,1990,Morrissey College of Arts and Sciences,1015
Economics,1990,Morrissey College of Arts and Sciences,531
Computer Science,1990,Morrissey College of Arts and Sciences,51
Communication,1990,Morrissey College of Arts and Sciences,568
Classics,1990,Morrissey College of Arts and Sciences,18
Chemistry,1990,Morrissey College of Arts and Sciences,43
Biology,1990,Morrissey College of Arts and Sciences,417
Biochemistry,1990,Morrissey College of Arts and Sciences,52
Art History,1990,Morrissey College of Arts and Sciences,37
Theology,1991,Morrissey College of Arts and Sciences,25
Theatre,1991,Morrissey College of Arts and Sciences,36
Studio Art,1991,Morrissey College of Arts and Sciences,32
Sociology,1991,Morrissey College of Arts and Sciences,172
Slavic & Eastern Languages,1991,Morrissey College of Arts and Sciences,16
Psychology,1991,Morrissey College of Arts and Sciences,528
Political Science,1991,Morrissey College of Arts and Sciences,846
Physics,1991,Morrissey College of Arts and Sciences,34
Philosophy,1991,Morrissey College of Arts and Sciences,252
Music,1991,Morrissey College of Arts and Sciences,8
Mathematics,1991,Morrissey College of Arts and Sciences,209
Italian,1991,Morrissey College of Arts and Sciences,7
Islamic Civilization & Societies,1991,Morrissey College of Arts and Sciences,
International Studies,1991,Morrissey College of Arts and Sciences,
Independent,1991,Morrissey College of Arts and Sciences,9
History,1991,Morrissey College of Arts and Sciences,424
Hispanic Studies,1991,Morrissey College of Arts and Sciences,63
German,1991,Morrissey College of Arts and Sciences,14
Geological Sciences,1991,Morrissey College of Arts and Sciences,
Geological Sci./Environmental Geosciences,1991,Morrissey College of Arts and Sciences,55
French,1991,Morrissey College of Arts and Sciences,50
Film Studies,1991,Morrissey College of Arts and Sciences,
Environmental Studies,1991,Morrissey College of Arts and Sciences,
Environmental Geosciences,1991,Morrissey College of Arts and Sciences,
English,1991,Morrissey College of Arts and Sciences,1018
Economics,1991,Morrissey College of Arts and Sciences,453
Computer Science,1991,Morrissey College of Arts and Sciences,53
Communication,1991,Morrissey College of Arts and Sciences,515
Classics,1991,Morrissey College of Arts and Sciences,17
Chemistry,1991,Morrissey College of Arts and Sciences,57
Biology,1991,Morrissey College of Arts and Sciences,502
Biochemistry,1991,Morrissey College of Arts and Sciences,61
Art History,1991,Morrissey College of Arts and Sciences,50
Theology,1992,Morrissey College of Arts and Sciences,21
Theatre,1992,Morrissey College of Arts and Sciences,31
Studio Art,1992,Morrissey College of Arts and Sciences,32
Sociology,1992,Morrissey College of Arts and Sciences,177
Slavic & Eastern Languages,1992,Morrissey College of Arts and Sciences,20
Psychology,1992,Morrissey College of Arts and Sciences,562
Political Science,1992,Morrissey College of Arts and Sciences,783
Physics,1992,Morrissey College of Arts and Sciences,25
Philosophy,1992,Morrissey College of Arts and Sciences,191
Music,1992,Morrissey College of Arts and Sciences,15
Mathematics,1992,Morrissey College of Arts and Sciences,176
Italian,1992,Morrissey College of Arts and Sciences,5
Islamic Civilization & Societies,1992,Morrissey College of Arts and Sciences,
International Studies,1992,Morrissey College of Arts and Sciences,
Independent,1992,Morrissey College of Arts and Sciences,13
History,1992,Morrissey College of Arts and Sciences,410
Hispanic Studies,1992,Morrissey College of Arts and Sciences,74
German,1992,Morrissey College of Arts and Sciences,13
Geological Sciences,1992,Morrissey College of Arts and Sciences,
Geological Sci./Environmental Geosciences,1992,Morrissey College of Arts and Sciences,54
French,1992,Morrissey College of Arts and Sciences,63
Film Studies,1992,Morrissey College of Arts and Sciences,
Environmental Studies,1992,Morrissey College of Arts and Sciences,
Environmental Geosciences,1992,Morrissey College of Arts and Sciences,
English,1992,Morrissey College of Arts and Sciences,965
Economics,1992,Morrissey College of Arts and Sciences,361
Computer Science,1992,Morrissey College of Arts and Sciences,54
Communication,1992,Morrissey College of Arts and Sciences,500
Classics,1992,Morrissey College of Arts and Sciences,20
Chemistry,1992,Morrissey College of Arts and Sciences,67
Biology,1992,Morrissey College of Arts and Sciences,537
Biochemistry,1992,Morrissey College of Arts and Sciences,67
Art History,1992,Morrissey College of Arts and Sciences,40
Theology,1993,Morrissey College of Arts and Sciences,20
Theatre,1993,Morrissey College of Arts and Sciences,35
Studio Art,1993,Morrissey College of Arts and Sciences,23
Sociology,1993,Morrissey College of Arts and Sciences,229
Slavic & Eastern Languages,1993,Morrissey College of Arts and Sciences,13
Psychology,1993,Morrissey College of Arts and Sciences,650
Political Science,1993,Morrissey College of Arts and Sciences,773
Physics,1993,Morrissey College of Arts and Sciences,33
Philosophy,1993,Morrissey College of Arts and Sciences,181
Music,1993,Morrissey College of Arts and Sciences,26
Mathematics,1993,Morrissey College of Arts and Sciences,166
Italian,1993,Morrissey College of Arts and Sciences,9
Islamic Civilization & Societies,1993,Morrissey College of Arts and Sciences,
International Studies,1993,Morrissey College of Arts and Sciences,
Independent,1993,Morrissey College of Arts and Sciences,17
History,1993,Morrissey College of Arts and Sciences,400
Hispanic Studies,1993,Morrissey College of Arts and Sciences,67
German,1993,Morrissey College of Arts and Sciences,14
Geological Sciences,1993,Morrissey College of Arts and Sciences,
Geological Sci./Environmental Geosciences,1993,Morrissey College of Arts and Sciences,55
French,1993,Morrissey College of Arts and Sciences,51
Film Studies,1993,Morrissey College of Arts and Sciences,
Environmental Studies,1993,Morrissey College of Arts and Sciences,
Environmental Geosciences,1993,Morrissey College of Arts and Sciences,
English,1993,Morrissey College of Arts and Sciences,955
Economics,1993,Morrissey College of Arts and Sciences,322
Computer Science,1993,Morrissey College of Arts and Sciences,77
Communication,1993,Morrissey College of Arts and Sciences,480
Classics,1993,Morrissey College of Arts and Sciences,17
Chemistry,1993,Morrissey College of Arts and Sciences,94
Biology,1993,Morrissey College of Arts and Sciences,618
Biochemistry,1993,Morrissey College of Arts and Sciences,94
Art History,1993,Morrissey College of Arts and Sciences,38
Theology,1994,Morrissey College of Arts and Sciences,29
Theatre,1994,Morrissey College of Arts and Sciences,40
Studio Art,1994,Morrissey College of Arts and Sciences,29
Sociology,1994,Morrissey College of Arts and Sciences,255
Slavic & Eastern Languages,1994,Morrissey College of Arts and Sciences,18
Psychology,1994,Morrissey College of Arts and Sciences,715
Political Science,1994,Morrissey College of Arts and Sciences,781
Physics,1994,Morrissey College of Arts and Sciences,29
Philosophy,1994,Morrissey College of Arts and Sciences,182
Music,1994,Morrissey College of Arts and Sciences,26
Mathematics,1994,Morrissey College of Arts and Sciences,178
Italian,1994,Morrissey College of Arts and Sciences,5
Islamic Civilization & Societies,1994,Morrissey College of Arts and Sciences,
International Studies,1994,Morrissey College of Arts and Sciences,
Independent,1994,Morrissey College of Arts and Sciences,12
History,1994,Morrissey College of Arts and Sciences,398
Hispanic Studies,1994,Morrissey College of Arts and Sciences,65
German,1994,Morrissey College of Arts and Sciences,13
Geological Sciences,1994,Morrissey College of Arts and Sciences,
Geological Sci./Environmental Geosciences,1994,Morrissey College of Arts and Sciences,87
French,1994,Morrissey College of Arts and Sciences,54
Film Studies,1994,Morrissey College of Arts and Sciences,
Environmental Studies,1994,Morrissey College of Arts and Sciences,
Environmental Geosciences,1994,Morrissey College of Arts and Sciences,
English,1994,Morrissey College of Arts and Sciences,925
Economics,1994,Morrissey College of Arts and Sciences,345
Computer Science,1994,Morrissey College of Arts and Sciences,82
Communication,1994,Morrissey College of Arts and Sciences,533
Classics,1994,Morrissey College of Arts and Sciences,20
Chemistry,1994,Morrissey College of Arts and Sciences,90
Biology,1994,Morrissey College of Arts and Sciences,671
Biochemistry,1994,Morrissey College of Arts and Sciences,108
Art History,1994,Morrissey College of Arts and Sciences,43
Theology,1995,Morrissey College of Arts and Sciences,36
Theatre,1995,Morrissey College of Arts and Sciences,43
Studio Art,1995,Morrissey College of Arts and Sciences,41
Sociology,1995,Morrissey College of Arts and Sciences,245
Slavic & Eastern Languages,1995,Morrissey College of Arts and Sciences,18
Psychology,1995,Morrissey College of Arts and Sciences,743
Political Science,1995,Morrissey College of Arts and Sciences,747
Physics,1995,Morrissey College of Arts and Sciences,28
Philosophy,1995,Morrissey College of Arts and Sciences,198
Music,1995,Morrissey College of Arts and Sciences,21
Mathematics,1995,Morrissey College of Arts and Sciences,176
Italian,1995,Morrissey College of Arts and Sciences,4
Islamic Civilization & Societies,1995,Morrissey College of Arts and Sciences,
International Studies,1995,Morrissey College of Arts and Sciences,
Independent,1995,Morrissey College of Arts and Sciences,4
History,1995,Morrissey College of Arts and Sciences,411
Hispanic Studies,1995,Morrissey College of Arts and Sciences,76
German,1995,Morrissey College of Arts and Sciences,9
Geological Sciences,1995,Morrissey College of Arts and Sciences,
Geological Sci./Environmental Geosciences,1995,Morrissey College of Arts and Sciences,82
French,1995,Morrissey College of Arts and Sciences,50
Film Studies,1995,Morrissey College of Arts and Sciences,
Environmental Studies,1995,Morrissey College of Arts and Sciences,
Environmental Geosciences,1995,Morrissey College of Arts and Sciences,
English,1995,Morrissey College of Arts and Sciences,927
Economics,1995,Morrissey College of Arts and Sciences,356
Computer Science,1995,Morrissey College of Arts and Sciences,97
Communication,1995,Morrissey College of Arts and Sciences,522
Classics,1995,Morrissey College of Arts and Sciences,20
Chemistry,1995,Morrissey College of Arts and Sciences,100
Biology,1995,Morrissey College of Arts and Sciences,752
Biochemistry,1995,Morrissey College of Arts and Sciences,111
Art History,1995,Morrissey College of Arts and Sciences,38
Theology,1996,Morrissey College of Arts and Sciences,47
Theatre,1996,Morrissey College of Arts and Sciences,66
Studio Art,1996,Morrissey College of Arts and Sciences,48
Sociology,1996,Morrissey College of Arts and Sciences,233
Slavic & Eastern Languages,1996,Morrissey College of Arts and Sciences,12
Psychology,1996,Morrissey College of Arts and Sciences,736
Political Science,1996,Morrissey College of Arts and Sciences,700
Physics,1996,Morrissey College of Arts and Sciences,33
Philosophy,1996,Morrissey College of Arts and Sciences,178
Music,1996,Morrissey College of Arts and Sciences,19
Mathematics,1996,Morrissey College of Arts and Sciences,190
Italian,1996,Morrissey College of Arts and Sciences,5
Islamic Civilization & Societies,1996,Morrissey College of Arts and Sciences,
International Studies,1996,Morrissey College of Arts and Sciences,40
Independent,1996,Morrissey College of Arts and Sciences,2
History,1996,Morrissey College of Arts and Sciences,379
Hispanic Studies,1996,Morrissey College of Arts and Sciences,71
German,1996,Morrissey College of Arts and Sciences,6
Geological Sciences,1996,Morrissey College of Arts and Sciences,
Geological Sci./Environmental Geosciences,1996,Morrissey College of Arts and Sciences,80
French,1996,Morrissey College of Arts and Sciences,43
Film Studies,1996,Morrissey College of Arts and Sciences,
Environmental Studies,1996,Morrissey College of Arts and Sciences,
Environmental Geosciences,1996,Morrissey College of Arts and Sciences,
English,1996,Morrissey College of Arts and Sciences,935
Economics,1996,Morrissey College of Arts and Sciences,364
Computer Science,1996,Morrissey College of Arts and Sciences,118
Communication,1996,Morrissey College of Arts and Sciences,499
Classics,1996,Morrissey College of Arts and Sciences,20
Chemistry,1996,Morrissey College of Arts and Sciences,89
Biology,1996,Morrissey College of Arts and Sciences,734
Biochemistry,1996,Morrissey College of Arts and Sciences,115
Art History,1996,Morrissey College of Arts and Sciences,37
Theology,1997,Morrissey College of Arts and Sciences,54
Theatre,1997,Morrissey College of Arts and Sciences,87
Studio Art,1997,Morrissey College of Arts and Sciences,34
Sociology,1997,Morrissey College of Arts and Sciences,239
Slavic & Eastern Languages,1997,Morrissey College of Arts and Sciences,8
Psychology,1997,Morrissey College of Arts and Sciences,694
Political Science,1997,Morrissey College of Arts and Sciences,671
Physics,1997,Morrissey College of Arts and Sciences,18
Philosophy,1997,Morrissey College of Arts and Sciences,158
Music,1997,Morrissey College of Arts and Sciences,23
Mathematics,1997,Morrissey College of Arts and Sciences,168
Italian,1997,Morrissey College of Arts and Sciences,7
Islamic Civilization & Societies,1997,Morrissey College of Arts and Sciences,
International Studies,1997,Morrissey College of Arts and Sciences,67
Independent,1997,Morrissey College of Arts and Sciences,1
History,1997,Morrissey College of Arts and Sciences,392
Hispanic Studies,1997,Morrissey College of Arts and Sciences,74
German,1997,Morrissey College of Arts and Sciences,14
Geological Sciences,1997,Morrissey College of Arts and Sciences,
Geological Sci./Environmental Geosciences,1997,Morrissey College of Arts and Sciences,73
French,1997,Morrissey College of Arts and Sciences,39
Film Studies,1997,Morrissey College of Arts and Sciences,
Environmental Studies,1997,Morrissey College of Arts and Sciences,
Environmental Geosciences,1997,Morrissey College of Arts and Sciences,
English,1997,Morrissey College of Arts and Sciences,931
Economics,1997,Morrissey College of Arts and Sciences,404
Computer Science,1997,Morrissey College of Arts and Sciences,133
Communication,1997,Morrissey College of Arts and Sciences,542
Classics,1997,Morrissey College of Arts and Sciences,24
Chemistry,1997,Morrissey College of Arts and Sciences,84
Biology,1997,Morrissey College of Arts and Sciences,665
Biochemistry,1997,Morrissey College of Arts and Sciences,117
Art History,1997,Morrissey College of Arts and Sciences,38
Theology,1998,Morrissey College of Arts and Sciences,70
Theatre,1998,Morrissey College of Arts and Sciences,84
Studio Art,1998,Morrissey College of Arts and Sciences,41
Sociology,1998,Morrissey College of Arts and Sciences,238
Slavic & Eastern Languages,1998,Morrissey College of Arts and Sciences,11
Psychology,1998,Morrissey College of Arts and Sciences,703
Political Science,1998,Morrissey College of Arts and Sciences,618
Physics,1998,Morrissey College of Arts and Sciences,29
Philosophy,1998,Morrissey College of Arts and Sciences,166
Music,1998,Morrissey College of Arts and Sciences,26
Mathematics,1998,Morrissey College of Arts and Sciences,123
Italian,1998,Morrissey College of Arts and Sciences,6
Islamic Civilization & Societies,1998,Morrissey College of Arts and Sciences,
International Studies,1998,Morrissey College of Arts and Sciences,64
Independent,1998,Morrissey College of Arts and Sciences,3
History,1998,Morrissey College of Arts and Sciences,410
Hispanic Studies,1998,Morrissey College of Arts and Sciences,65
German,1998,Morrissey College of Arts and Sciences,8
Geological Sciences,1998,Morrissey College of Arts and Sciences,
Geological Sci./Environmental Geosciences,1998,Morrissey College of Arts and Sciences,66
French,1998,Morrissey College of Arts and Sciences,45
Film Studies,1998,Morrissey College of Arts and Sciences,
Environmental Studies,1998,Morrissey College of Arts and Sciences,
Environmental Geosciences,1998,Morrissey College of Arts and Sciences,
English,1998,Morrissey College of Arts and Sciences,868
Economics,1998,Morrissey College of Arts and Sciences,430
Computer Science,1998,Morrissey College of Arts and Sciences,181
Communication,1998,Morrissey College of Arts and Sciences,624
Classics,1998,Morrissey College of Arts and Sciences,19
Chemistry,1998,Morrissey College of Arts and Sciences,90
Biology,1998,Morrissey College of Arts and Sciences,543
Biochemistry,1998,Morrissey College of Arts and Sciences,97
Art History,1998,Morrissey College of Arts and Sciences,36
Theology,1999,Morrissey College of Arts and Sciences,80
Theatre,1999,Morrissey College of Arts and Sciences,106
Studio Art,1999,Morrissey College of Arts and Sciences,44
Sociology,1999,Morrissey College of Arts and Sciences,249
Slavic & Eastern Languages,1999,Morrissey College of Arts and Sciences,11
Psychology,1999,Morrissey College of Arts and Sciences,764
Political Science,1999,Morrissey College of Arts and Sciences,649
Physics,1999,Morrissey College of Arts and Sciences,33
Philosophy,1999,Morrissey College of Arts and Sciences,193
Music,1999,Morrissey College of Arts and Sciences,23
Mathematics,1999,Morrissey College of Arts and Sciences,148
Italian,1999,Morrissey College of Arts and Sciences,4
Islamic Civilization & Societies,1999,Morrissey College of Arts and Sciences,
International Studies,1999,Morrissey College of Arts and Sciences,56
Independent,1999,Morrissey College of Arts and Sciences,2
History,1999,Morrissey College of Arts and Sciences,431
Hispanic Studies,1999,Morrissey College of Arts and Sciences,60
German,1999,Morrissey College of Arts and Sciences,11
Geological Sciences,1999,Morrissey College of Arts and Sciences,
Geological Sci./Environmental Geosciences,1999,Morrissey College of Arts and Sciences,58
French,1999,Morrissey College of Arts and Sciences,50
Film Studies,1999,Morrissey College of Arts and Sciences,
Environmental Studies,1999,Morrissey College of Arts and Sciences,
Environmental Geosciences,1999,Morrissey College of Arts and Sciences,
English,1999,Morrissey College of Arts and Sciences,906
Economics,1999,Morrissey College of Arts and Sciences,402
Computer Science,1999,Morrissey College of Arts and Sciences,202
Communication,1999,Morrissey College of Arts and Sciences,734
Classics,1999,Morrissey College of Arts and Sciences,15
Chemistry,1999,Morrissey College of Arts and Sciences,94
Biology,1999,Morrissey College of Arts and Sciences,539
Biochemistry,1999,Morrissey College of Arts and Sciences,84
Art History,1999,Morrissey College of Arts and Sciences,34
Theology,2000,Morrissey College of Arts and Sciences,88
Theatre,2000,Morrissey College of Arts and Sciences,101
Studio Art,2000,Morrissey College of Arts and Sciences,42
Sociology,2000,Morrissey College of Arts and Sciences,219
Slavic & Eastern Languages,2000,Morrissey College of Arts and Sciences,7
Psychology,2000,Morrissey College of Arts and Sciences,684
Political Science,2000,Morrissey College of Arts and Sciences,626
Physics,2000,Morrissey College of Arts and Sciences,36
Philosophy,2000,Morrissey College of Arts and Sciences,211
Music,2000,Morrissey College of Arts and Sciences,22
Mathematics,2000,Morrissey College of Arts and Sciences,135
Italian,2000,Morrissey College of Arts and Sciences,5
Islamic Civilization & Societies,2000,Morrissey College of Arts and Sciences,
International Studies,2000,Morrissey College of Arts and Sciences,45
Independent,2000,Morrissey College of Arts and Sciences,5
History,2000,Morrissey College of Arts and Sciences,451
Hispanic Studies,2000,Morrissey College of Arts and Sciences,49
German,2000,Morrissey College of Arts and Sciences,10
Geological Sciences,2000,Morrissey College of Arts and Sciences,
Geological Sci./Environmental Geosciences,2000,Morrissey College of Arts and Sciences,52
French,2000,Morrissey College of Arts and Sciences,56
Film Studies,2000,Morrissey College of Arts and Sciences,10
Environmental Studies,2000,Morrissey College of Arts and Sciences,
Environmental Geosciences,2000,Morrissey College of Arts and Sciences,
English,2000,Morrissey College of Arts and Sciences,863
Economics,2000,Morrissey College of Arts and Sciences,382
Computer Science,2000,Morrissey College of Arts and Sciences,200
Communication,2000,Morrissey College of Arts and Sciences,865
Classics,2000,Morrissey College of Arts and Sciences,11
Chemistry,2000,Morrissey College of Arts and Sciences,84
Biology,2000,Morrissey College of Arts and Sciences,481
Biochemistry,2000,Morrissey College of Arts and Sciences,83
Art History,2000,Morrissey College of Arts and Sciences,32
Theology,2001,Morrissey College of Arts and Sciences,92
Theatre,2001,Morrissey College of Arts and Sciences,91
Studio Art,2001,Morrissey College of Arts and Sciences,40
Sociology,2001,Morrissey College of Arts and Sciences,219
Slavic & Eastern Languages,2001,Morrissey College of Arts and Sciences,5
Psychology,2001,Morrissey College of Arts and Sciences,660
Political Science,2001,Morrissey College of Arts and Sciences,646
Physics,2001,Morrissey College of Arts and Sciences,34
Philosophy,2001,Morrissey College of Arts and Sciences,230
Music,2001,Morrissey College of Arts and Sciences,29
Mathematics,2001,Morrissey College of Arts and Sciences,134
Italian,2001,Morrissey College of Arts and Sciences,3
Islamic Civilization & Societies,2001,Morrissey College of Arts and Sciences,
International Studies,2001,Morrissey College of Arts and Sciences,31
Independent,2001,Morrissey College of Arts and Sciences,3
History,2001,Morrissey College of Arts and Sciences,465
Hispanic Studies,2001,Morrissey College of Arts and Sciences,46
German,2001,Morrissey College of Arts and Sciences,3
Geological Sciences,2001,Morrissey College of Arts and Sciences,
Geological Sci./Environmental Geosciences,2001,Morrissey College of Arts and Sciences,42
French,2001,Morrissey College of Arts and Sciences,47
Film Studies,2001,Morrissey College of Arts and Sciences,32
Environmental Studies,2001,Morrissey College of Arts and Sciences,
Environmental Geosciences,2001,Morrissey College of Arts and Sciences,
English,2001,Morrissey College of Arts and Sciences,845
Economics,2001,Morrissey College of Arts and Sciences,374
Computer Science,2001,Morrissey College of Arts and Sciences,189
Communication,2001,Morrissey College of Arts and Sciences,945
Classics,2001,Morrissey College of Arts and Sciences,21
Chemistry,2001,Morrissey College of Arts and Sciences,89
Biology,2001,Morrissey College of Arts and Sciences,443
Biochemistry,2001,Morrissey College of Arts and Sciences,82
Art History,2001,Morrissey College of Arts and Sciences,45
Theology,2002,Morrissey College of Arts and Sciences,137
Theatre,2002,Morrissey College of Arts and Sciences,91
Studio Art,2002,Morrissey College of Arts and Sciences,41
Sociology,2002,Morrissey College of Arts and Sciences,247
Slavic & Eastern Languages,2002,Morrissey College of Arts and Sciences,12
Psychology,2002,Morrissey College of Arts and Sciences,617
Political Science,2002,Morrissey College of Arts and Sciences,669
Physics,2002,Morrissey College of Arts and Sciences,46
Philosophy,2002,Morrissey College of Arts and Sciences,261
Music,2002,Morrissey College of Arts and Sciences,32
Mathematics,2002,Morrissey College of Arts and Sciences,194
Italian,2002,Morrissey College of Arts and Sciences,5
Islamic Civilization & Societies,2002,Morrissey College of Arts and Sciences,
International Studies,2002,Morrissey College of Arts and Sciences,32
Independent,2002,Morrissey College of Arts and Sciences,1
History,2002,Morrissey College of Arts and Sciences,530
Hispanic Studies,2002,Morrissey College of Arts and Sciences,57
German,2002,Morrissey College of Arts and Sciences,7
Geological Sciences,2002,Morrissey College of Arts and Sciences,
Geological Sci./Environmental Geosciences,2002,Morrissey College of Arts and Sciences,30
French,2002,Morrissey College of Arts and Sciences,49
Film Studies,2002,Morrissey College of Arts and Sciences,46
Environmental Studies,2002,Morrissey College of Arts and Sciences,
Environmental Geosciences,2002,Morrissey College of Arts and Sciences,
English,2002,Morrissey College of Arts and Sciences,770
Economics,2002,Morrissey College of Arts and Sciences,398
Computer Science,2002,Morrissey College of Arts and Sciences,139
Communication,2002,Morrissey College of Arts and Sciences,963
Classics,2002,Morrissey College of Arts and Sciences,17
Chemistry,2002,Morrissey College of Arts and Sciences,102
Biology,2002,Morrissey College of Arts and Sciences,465
Biochemistry,2002,Morrissey College of Arts and Sciences,95
Art History,2002,Morrissey College of Arts and Sciences,42
Theology,2003,Morrissey College of Arts and Sciences,130
Theatre,2003,Morrissey College of Arts and Sciences,107
Studio Art,2003,Morrissey College of Arts and Sciences,42
Sociology,2003,Morrissey College of Arts and Sciences,232
Slavic & Eastern Languages,2003,Morrissey College of Arts and Sciences,15
Psychology,2003,Morrissey College of Arts and Sciences,492
Political Science,2003,Morrissey College of Arts and Sciences,693
Physics,2003,Morrissey College of Arts and Sciences,50
Philosophy,2003,Morrissey College of Arts and Sciences,252
Music,2003,Morrissey College of Arts and Sciences,31
Mathematics,2003,Morrissey College of Arts and Sciences,200
Italian,2003,Morrissey College of Arts and Sciences,2
Islamic Civilization & Societies,2003,Morrissey College of Arts and Sciences,
International Studies,2003,Morrissey College of Arts and Sciences,35
Independent,2003,Morrissey College of Arts and Sciences,
History,2003,Morrissey College of Arts and Sciences,560
Hispanic Studies,2003,Morrissey College of Arts and Sciences,67
German,2003,Morrissey College of Arts and Sciences,12
Geological Sciences,2003,Morrissey College of Arts and Sciences,
Geological Sci./Environmental Geosciences,2003,Morrissey College of Arts and Sciences,29
French,2003,Morrissey College of Arts and Sciences,46
Film Studies,2003,Morrissey College of Arts and Sciences,45
Environmental Studies,2003,Morrissey College of Arts and Sciences,
Environmental Geosciences,2003,Morrissey College of Arts and Sciences,
English,2003,Morrissey College of Arts and Sciences,758
Economics,2003,Morrissey College of Arts and Sciences,417
Computer Science,2003,Morrissey College of Arts and Sciences,108
Communication,2003,Morrissey College of Arts and Sciences,925
Classics,2003,Morrissey College of Arts and Sciences,26
Chemistry,2003,Morrissey College of Arts and Sciences,98
Biology,2003,Morrissey College of Arts and Sciences,494
Biochemistry,2003,Morrissey College of Arts and Sciences,118
Art History,2003,Morrissey College of Arts and Sciences,41
Theology,2004,Morrissey College of Arts and Sciences,151
Theatre,2004,Morrissey College of Arts and Sciences,124
Studio Art,2004,Morrissey College of Arts and Sciences,42
Sociology,2004,Morrissey College of Arts and Sciences,202
Slavic & Eastern Languages,2004,Morrissey College of Arts and Sciences,15
Psychology,2004,Morrissey College of Arts and Sciences,428
Political Science,2004,Morrissey College of Arts and Sciences,796
Physics,2004,Morrissey College of Arts and Sciences,61
Philosophy,2004,Morrissey College of Arts and Sciences,255
Music,2004,Morrissey College of Arts and Sciences,36
Mathematics,2004,Morrissey College of Arts and Sciences,196
Italian,2004,Morrissey College of Arts and Sciences,7
Islamic Civilization & Societies,2004,Morrissey College of Arts and Sciences,
International Studies,2004,Morrissey College of Arts and Sciences,57
Independent,2004,Morrissey College of Arts and Sciences,
History,2004,Morrissey College of Arts and Sciences,595
Hispanic Studies,2004,Morrissey College of Arts and Sciences,60
German,2004,Morrissey College of Arts and Sciences,16
Geological Sciences,2004,Morrissey College of Arts and Sciences,
Geological Sci./Environmental Geosciences,2004,Morrissey College of Arts and Sciences,31
French,2004,Morrissey College of Arts and Sciences,34
Film Studies,2004,Morrissey College of Arts and Sciences,50
Environmental Studies,2004,Morrissey College of Arts and Sciences,
Environmental Geosciences,2004,Morrissey College of Arts and Sciences,
English,2004,Morrissey College of Arts and Sciences,814
Economics,2004,Morrissey College of Arts and Sciences,411
Computer Science,2004,Morrissey College of Arts and Sciences,93
Communication,2004,Morrissey College of Arts and Sciences,943
Classics,2004,Morrissey College of Arts and Sciences,33
Chemistry,2004,Morrissey College of Arts and Sciences,86
Biology,2004,Morrissey College of Arts and Sciences,581
Biochemistry,2004,Morrissey College of Arts and Sciences,125
Art History,2004,Morrissey College of Arts and Sciences,60
Theology,2005,Morrissey College of Arts and Sciences,106
Theatre,2005,Morrissey College of Arts and Sciences,114
Studio Art,2005,Morrissey College of Arts and Sciences,35
Sociology,2005,Morrissey College of Arts and Sciences,170
Slavic & Eastern Languages,2005,Morrissey College of Arts and Sciences,21
Psychology,2005,Morrissey College of Arts and Sciences,425
Political Science,2005,Morrissey College of Arts and Sciences,801
Physics,2005,Morrissey College of Arts and Sciences,47
Philosophy,2005,Morrissey College of Arts and Sciences,282
Music,2005,Morrissey College of Arts and Sciences,43
Mathematics,2005,Morrissey College of Arts and Sciences,190
Italian,2005,Morrissey College of Arts and Sciences,11
Islamic Civilization & Societies,2005,Morrissey College of Arts and Sciences,
International Studies,2005,Morrissey College of Arts and Sciences,82
Independent,2005,Morrissey College of Arts and Sciences,
History,2005,Morrissey College of Arts and Sciences,627
Hispanic Studies,2005,Morrissey College of Arts and Sciences,66
German,2005,Morrissey College of Arts and Sciences,26
Geological Sciences,2005,Morrissey College of Arts and Sciences,
Geological Sci./Environmental Geosciences,2005,Morrissey College of Arts and Sciences,33
French,2005,Morrissey College of Arts and Sciences,42
Film Studies,2005,Morrissey College of Arts and Sciences,51
Environmental Studies,2005,Morrissey College of Arts and Sciences,
Environmental Geosciences,2005,Morrissey College of Arts and Sciences,
English,2005,Morrissey College of Arts and Sciences,814
Economics,2005,Morrissey College of Arts and Sciences,445
Computer Science,2005,Morrissey College of Arts and Sciences,68
Communication,2005,Morrissey College of Arts and Sciences,953
Classics,2005,Morrissey College of Arts and Sciences,32
Chemistry,2005,Morrissey College of Arts and Sciences,75
Biology,2005,Morrissey College of Arts and Sciences,650
Biochemistry,2005,Morrissey College of Arts and Sciences,122
Art History,2005,Morrissey College of Arts and Sciences,55
Theology,2006,Morrissey College of Arts and Sciences,113
Theatre,2006,Morrissey College of Arts and Sciences,107
Studio Art,2006,Morrissey College of Arts and Sciences,34
Sociology,2006,Morrissey College of Arts and Sciences,204
Slavic & Eastern Languages,2006,Morrissey College of Arts and Sciences,34
Psychology,2006,Morrissey College of Arts and Sciences,450
Political Science,2006,Morrissey College of Arts and Sciences,777
Physics,2006,Morrissey College of Arts and Sciences,62
Philosophy,2006,Morrissey College of Arts and Sciences,270
Music,2006,Morrissey College of Arts and Sciences,42
Mathematics,2006,Morrissey College of Arts and Sciences,177
Italian,2006,Morrissey College of Arts and Sciences,8
Islamic Civilization & Societies,2006,Morrissey College of Arts and Sciences,
International Studies,2006,Morrissey College of Arts and Sciences,78
Independent,2006,Morrissey College of Arts and Sciences,
History,2006,Morrissey College of Arts and Sciences,618
Hispanic Studies,2006,Morrissey College of Arts and Sciences,69
German,2006,Morrissey College of Arts and Sciences,27
Geological Sciences,2006,Morrissey College of Arts and Sciences,
Geological Sci./Environmental Geosciences,2006,Morrissey College of Arts and Sciences,39
French,2006,Morrissey College of Arts and Sciences,43
Film Studies,2006,Morrissey College of Arts and Sciences,51
Environmental Studies,2006,Morrissey College of Arts and Sciences,
Environmental Geosciences,2006,Morrissey College of Arts and Sciences,
English,2006,Morrissey College of Arts and Sciences,770
Economics,2006,Morrissey College of Arts and Sciences,472
Computer Science,2006,Morrissey College of Arts and Sciences,57
Communication,2006,Morrissey College of Arts and Sciences,945
Classics,2006,Morrissey College of Arts and Sciences,37
Chemistry,2006,Morrissey College of Arts and Sciences,97
Biology,2006,Morrissey College of Arts and Sciences,641
Biochemistry,2006,Morrissey College of Arts and Sciences,127
Art History,2006,Morrissey College of Arts and Sciences,66
Theology,2007,Morrissey College of Arts and Sciences,119
Theatre,2007,Morrissey College of Arts and Sciences,92
Studio Art,2007,Morrissey College of Arts and Sciences,37
Sociology,2007,Morrissey College of Arts and Sciences,241
Slavic & Eastern Languages,2007,Morrissey College of Arts and Sciences,40
Psychology,2007,Morrissey College of Arts and Sciences,485
Political Science,2007,Morrissey College of Arts and Sciences,713
Physics,2007,Morrissey College of Arts and Sciences,73
Philosophy,2007,Morrissey College of Arts and Sciences,256
Music,2007,Morrissey College of Arts and Sciences,46
Mathematics,2007,Morrissey College of Arts and Sciences,179
Italian,2007,Morrissey College of Arts and Sciences,8
Islamic Civilization & Societies,2007,Morrissey College of Arts and Sciences,
International Studies,2007,Morrissey College of Arts and Sciences,96
Independent,2007,Morrissey College of Arts and Sciences,
History,2007,Morrissey College of Arts and Sciences,588
Hispanic Studies,2007,Morrissey College of Arts and Sciences,85
German,2007,Morrissey College of Arts and Sciences,18
Geological Sciences,2007,Morrissey College of Arts and Sciences,
Geological Sci./Environmental Geosciences,2007,Morrissey College of Arts and Sciences,44
French,2007,Morrissey College of Arts and Sciences,35
Film Studies,2007,Morrissey College of Arts and Sciences,41
Environmental Studies,2007,Morrissey College of Arts and Sciences,
Environmental Geosciences,2007,Morrissey College of Arts and Sciences,
English,2007,Morrissey College of Arts and Sciences,720
Economics,2007,Morrissey College of Arts and Sciences,551
Computer Science,2007,Morrissey College of Arts and Sciences,47
Communication,2007,Morrissey College of Arts and Sciences,826
Classics,2007,Morrissey College of Arts and Sciences,23
Chemistry,2007,Morrissey College of Arts and Sciences,118
Biology,2007,Morrissey College of Arts and Sciences,662
Biochemistry,2007,Morrissey College of Arts and Sciences,140
Art History,2007,Morrissey College of Arts and Sciences,58
Theology,2008,Morrissey College of Arts and Sciences,118
Theatre,2008,Morrissey College of Arts and Sciences,102
Studio Art,2008,Morrissey College of Arts and Sciences,31
Sociology,2008,Morrissey College of Arts and Sciences,223
Slavic & Eastern Languages,2008,Morrissey College of Arts and Sciences,39
Psychology,2008,Morrissey College of Arts and Sciences,472
Political Science,2008,Morrissey College of Arts and Sciences,672
Physics,2008,Morrissey College of Arts and Sciences,75
Philosophy,2008,Morrissey College of Arts and Sciences,255
Music,2008,Morrissey College of Arts and Sciences,45
Mathematics,2008,Morrissey College of Arts and Sciences,195
Italian,2008,Morrissey College of Arts and Sciences,9
Islamic Civilization & Societies,2008,Morrissey College of Arts and Sciences,19
International Studies,2008,Morrissey College of Arts and Sciences,132
Independent,2008,Morrissey College of Arts and Sciences,1
History,2008,Morrissey College of Arts and Sciences,564
Hispanic Studies,2008,Morrissey College of Arts and Sciences,85
German,2008,Morrissey College of Arts and Sciences,19
Geological Sciences,2008,Morrissey College of Arts and Sciences,
Geological Sci./Environmental Geosciences,2008,Morrissey College of Arts and Sciences,58
French,2008,Morrissey College of Arts and Sciences,42
Film Studies,2008,Morrissey College of Arts and Sciences,34
Environmental Studies,2008,Morrissey College of Arts and Sciences,
Environmental Geosciences,2008,Morrissey College of Arts and Sciences,
English,2008,Morrissey College of Arts and Sciences,652
Economics,2008,Morrissey College of Arts and Sciences,643
Computer Science,2008,Morrissey College of Arts and Sciences,49
Communication,2008,Morrissey College of Arts and Sciences,843
Classics,2008,Morrissey College of Arts and Sciences,22
Chemistry,2008,Morrissey College of Arts and Sciences,116
Biology,2008,Morrissey College of Arts and Sciences,662
Biochemistry,2008,Morrissey College of Arts and Sciences,126
Art History,2008,Morrissey College of Arts and Sciences,44
Theology,2009,Morrissey College of Arts and Sciences,101
Theatre,2009,Morrissey College of Arts and Sciences,81
Studio Art,2009,Morrissey College of Arts and Sciences,34
Sociology,2009,Morrissey College of Arts and Sciences,222
Slavic & Eastern Languages,2009,Morrissey College of Arts and Sciences,48
Psychology,2009,Morrissey College of Arts and Sciences,496
Political Science,2009,Morrissey College of Arts and Sciences,714
Physics,2009,Morrissey College of Arts and Sciences,88
Philosophy,2009,Morrissey College of Arts and Sciences,255
Music,2009,Morrissey College of Arts and Sciences,40
Mathematics,2009,Morrissey College of Arts and Sciences,219
Italian,2009,Morrissey College of Arts and Sciences,8
Islamic Civilization & Societies,2009,Morrissey College of Arts and Sciences,25
International Studies,2009,Morrissey College of Arts and Sciences,132
Independent,2009,Morrissey College of Arts and Sciences,1
History,2009,Morrissey College of Arts and Sciences,514
Hispanic Studies,2009,Morrissey College of Arts and Sciences,80
German,2009,Morrissey College of Arts and Sciences,14
Geological Sciences,2009,Morrissey College of Arts and Sciences,
Geological Sci./Environmental Geosciences,2009,Morrissey College of Arts and Sciences,78
French,2009,Morrissey College of Arts and Sciences,53
Film Studies,2009,Morrissey College of Arts and Sciences,53
Environmental Studies,2009,Morrissey College of Arts and Sciences,
Environmental Geosciences,2009,Morrissey College of Arts and Sciences,
English,2009,Morrissey College of Arts and Sciences,647
Economics,2009,Morrissey College of Arts and Sciences,667
Computer Science,2009,Morrissey College of Arts and Sciences,56
Communication,2009,Morrissey College of Arts and Sciences,944
Classics,2009,Morrissey College of Arts and Sciences,28
Chemistry,2009,Morrissey College of Arts and Sciences,136
Biology,2009,Morrissey College of Arts and Sciences,681
Biochemistry,2009,Morrissey College of Arts and Sciences,126
Art History,2009,Morrissey College of Arts and Sciences,45
Theology,2010,Morrissey College of Arts and Sciences,94
Theatre,2010,Morrissey College of Arts and Sciences,90
Studio Art,2010,Morrissey College of Arts and Sciences,36
Sociology,2010,Morrissey College of Arts and Sciences,200
Psychology,2010,Morrissey College of Arts and Sciences,542
Political Science,2010,Morrissey College of Arts and Sciences,662
Physics,2010,Morrissey College of Arts and Sciences,69
Philosophy,2010,Morrissey College of Arts and Sciences,240
Music,2010,Morrissey College of Arts and Sciences,35
Mathematics,2010,Morrissey College of Arts and Sciences,234
Italian,2010,Morrissey College of Arts and Sciences,4
Islamic Civilization & Societies,2010,Morrissey College of Arts and Sciences,27
International Studies,2010,Morrissey College of Arts and Sciences,130
Independent,2010,Morrissey College of Arts and Sciences,3
History,2010,Morrissey College of Arts and Sciences,435
Hispanic Studies,2010,Morrissey College of Arts and Sciences,75
German,2010,Morrissey College of Arts and Sciences,12
Geological Sciences,2010,Morrissey College of Arts and Sciences,
Geological Sci./Environmental Geosciences,2010,Morrissey College of Arts and Sciences,77
French,2010,Morrissey College of Arts and Sciences,51
Film Studies,2010,Morrissey College of Arts and Sciences,49
Environmental Studies,2010,Morrissey College of Arts and Sciences,
Environmental Geosciences,2010,Morrissey College of Arts and Sciences,
English,2010,Morrissey College of Arts and Sciences,666
Economics,2010,Morrissey College of Arts and Sciences,664
Computer Science,2010,Morrissey College of Arts and Sciences,52
Communication,2010,Morrissey College of Arts and Sciences,895
Classics,2010,Morrissey College of Arts and Sciences,22
Chemistry,2010,Morrissey College of Arts and Sciences,113
Biology,2010,Morrissey College of Arts and Sciences,773
Biochemistry,2010,Morrissey College of Arts and Sciences,150
Art History,2010,Morrissey College of Arts and Sciences,50
Theology,2011,Morrissey College of Arts and Sciences,104
Theatre,2011,Morrissey College of Arts and Sciences,74
Studio Art,2011,Morrissey College of Arts and Sciences,34
Sociology,2011,Morrissey College of Arts and Sciences,191
Psychology,2011,Morrissey College of Arts and Sciences,577
Political Science,2011,Morrissey College of Arts and Sciences,677
Physics,2011,Morrissey College of Arts and Sciences,79
Philosophy,2011,Morrissey College of Arts and Sciences,218
Music,2011,Morrissey College of Arts and Sciences,30
Mathematics,2011,Morrissey College of Arts and Sciences,251
Italian,2011,Morrissey College of Arts and Sciences,4
Islamic Civilization & Societies,2011,Morrissey College of Arts and Sciences,26
International Studies,2011,Morrissey College of Arts and Sciences,213
Independent,2011,Morrissey College of Arts and Sciences,1
History,2011,Morrissey College of Arts and Sciences,428
Hispanic Studies,2011,Morrissey College of Arts and Sciences,82
German,2011,Morrissey College of Arts and Sciences,9
Geological Sciences,2011,Morrissey College of Arts and Sciences,
Geological Sci./Environmental Geosciences,2011,Morrissey College of Arts and Sciences,78
French,2011,Morrissey College of Arts and Sciences,59
Film Studies,2011,Morrissey College of Arts and Sciences,43
Environmental Studies,2011,Morrissey College of Arts and Sciences,
Environmental Geosciences,2011,Morrissey College of Arts and Sciences,
English,2011,Morrissey College of Arts and Sciences,665
Economics,2011,Morrissey College of Arts and Sciences,690
Computer Science,2011,Morrissey College of Arts and Sciences,67
Communication,2011,Morrissey College of Arts and Sciences,916
Classics,2011,Morrissey College of Arts and Sciences,26
Chemistry,2011,Morrissey College of Arts and Sciences,117
Biology,2011,Morrissey College of Arts and Sciences,827
Biochemistry,2011,Morrissey College of Arts and Sciences,165
Art History,2011,Morrissey College of Arts and Sciences,52
Theology,2012,Morrissey College of Arts and Sciences,80
Theatre,2012,Morrissey College of Arts and Sciences,53
Studio Art,2012,Morrissey College of Arts and Sciences,30
Sociology,2012,Morrissey College of Arts and Sciences,231
Psychology,2012,Morrissey College of Arts and Sciences,569
Political Science,2012,Morrissey College of Arts and Sciences,633
Physics,2012,Morrissey College of Arts and Sciences,105
Philosophy,2012,Morrissey College of Arts and Sciences,206
Music,2012,Morrissey College of Arts and Sciences,27
Mathematics,2012,Morrissey College of Arts and Sciences,237
Italian,2012,Morrissey College of Arts and Sciences,3
Islamic Civilization & Societies,2012,Morrissey College of Arts and Sciences,26
International Studies,2012,Morrissey College of Arts and Sciences,211
Independent,2012,Morrissey College of Arts and Sciences,0
History,2012,Morrissey College of Arts and Sciences,359
Hispanic Studies,2012,Morrissey College of Arts and Sciences,61
German,2012,Morrissey College of Arts and Sciences,6
Geological Sciences,2012,Morrissey College of Arts and Sciences,
Geological Sci./Environmental Geosciences,2012,Morrissey College of Arts and Sciences,77
French,2012,Morrissey College of Arts and Sciences,42
Film Studies,2012,Morrissey College of Arts and Sciences,48
Environmental Studies,2012,Morrissey College of Arts and Sciences,
Environmental Geosciences,2012,Morrissey College of Arts and Sciences,
English,2012,Morrissey College of Arts and Sciences,622
Economics,2012,Morrissey College of Arts and Sciences,706
Computer Science,2012,Morrissey College of Arts and Sciences,72
Communication,2012,Morrissey College of Arts and Sciences,890
Classics,2012,Morrissey College of Arts and Sciences,30
Chemistry,2012,Morrissey College of Arts and Sciences,138
Biology,2012,Morrissey College of Arts and Sciences,823
Biochemistry,2012,Morrissey College of Arts and Sciences,213
Art History,2012,Morrissey College of Arts and Sciences,38
Theology,2013,Morrissey College of Arts and Sciences,73
Theatre,2013,Morrissey College of Arts and Sciences,61
Studio Art,2013,Morrissey College of Arts and Sciences,35
Sociology,2013,Morrissey College of Arts and Sciences,222
Psychology,2013,Morrissey College of Arts and Sciences,529
Political Science,2013,Morrissey College of Arts and Sciences,656
Physics,2013,Morrissey College of Arts and Sciences,96
Philosophy,2013,Morrissey College of Arts and Sciences,188
Music,2013,Morrissey College of Arts and Sciences,22
Mathematics,2013,Morrissey College of Arts and Sciences,226
Italian,2013,Morrissey College of Arts and Sciences,2
Islamic Civilization & Societies,2013,Morrissey College of Arts and Sciences,22
International Studies,2013,Morrissey College of Arts and Sciences,212
Independent,2013,Morrissey College of Arts and Sciences,0
History,2013,Morrissey College of Arts and Sciences,312
Hispanic Studies,2013,Morrissey College of Arts and Sciences,42
German,2013,Morrissey College of Arts and Sciences,11
Geological Sciences,2013,Morrissey College of Arts and Sciences,
Geological Sci./Environmental Geosciences,2013,Morrissey College of Arts and Sciences,77
French,2013,Morrissey College of Arts and Sciences,28
Film Studies,2013,Morrissey College of Arts and Sciences,41
Environmental Studies,2013,Morrissey College of Arts and Sciences,
Environmental Geosciences,2013,Morrissey College of Arts and Sciences,
English,2013,Morrissey College of Arts and Sciences,559
Economics,2013,Morrissey College of Arts and Sciences,797
Computer Science,2013,Morrissey College of Arts and Sciences,113
Communication,2013,Morrissey College of Arts and Sciences,844
Classics,2013,Morrissey College of Arts and Sciences,18
Chemistry,2013,Morrissey College of Arts and Sciences,138
Biology,2013,Morrissey College of Arts and Sciences,795
Biochemistry,2013,Morrissey College of Arts and Sciences,251
Art History,2013,Morrissey College of Arts and Sciences,44
Theology,2014,Morrissey College of Arts and Sciences,60
Theatre,2014,Morrissey College of Arts and Sciences,51
Studio Art,2014,Morrissey College of Arts and Sciences,25
Sociology,2014,Morrissey College of Arts and Sciences,193
Psychology,2014,Morrissey College of Arts and Sciences,527
Political Science,2014,Morrissey College of Arts and Sciences,747
Physics,2014,Morrissey College of Arts and Sciences,99
Philosophy,2014,Morrissey College of Arts and Sciences,165
Music,2014,Morrissey College of Arts and Sciences,23
Mathematics,2014,Morrissey College of Arts and Sciences,298
Italian,2014,Morrissey College of Arts and Sciences,3
Islamic Civilization & Societies,2014,Morrissey College of Arts and Sciences,25
International Studies,2014,Morrissey College of Arts and Sciences,232
Independent,2014,Morrissey College of Arts and Sciences,0
History,2014,Morrissey College of Arts and Sciences,299
Hispanic Studies,2014,Morrissey College of Arts and Sciences,55
German,2014,Morrissey College of Arts and Sciences,10
Geological Sciences,2014,Morrissey College of Arts and Sciences,
Geological Sci./Environmental Geosciences,2014,Morrissey College of Arts and Sciences,97
French,2014,Morrissey College of Arts and Sciences,27
Film Studies,2014,Morrissey College of Arts and Sciences,40
Environmental Studies,2014,Morrissey College of Arts and Sciences,15
Environmental Geosciences,2014,Morrissey College of Arts and Sciences,
English,2014,Morrissey College of Arts and Sciences,515
Economics,2014,Morrissey College of Arts and Sciences,917
Computer Science,2014,Morrissey College of Arts and Sciences,154
Communication,2014,Morrissey College of Arts and Sciences,791
Classics,2014,Morrissey College of Arts and Sciences,27
Chemistry,2014,Morrissey College of Arts and Sciences,160
Biology,2014,Morrissey College of Arts and Sciences,865
Biochemistry,2014,Morrissey College of Arts and Sciences,270
Art History,2014,Morrissey College of Arts and Sciences,34
Theology,2015,Morrissey College of Arts and Sciences,68
Theatre,2015,Morrissey College of Arts and Sciences,62
Studio Art,2015,Morrissey College of Arts and Sciences,21
Sociology,2015,Morrissey College of Arts and Sciences,158
Psychology,2015,Morrissey College of Arts and Sciences,515
Political Science,2015,Morrissey College of Arts and Sciences,726
Physics,2015,Morrissey College of Arts and Sciences,87
Philosophy,2015,Morrissey College of Arts and Sciences,186
Music,2015,Morrissey College of Arts and Sciences,35
Mathematics,2015,Morrissey College of Arts and Sciences,315
Italian,2015,Morrissey College of Arts and Sciences,3
Islamic Civilization & Societies,2015,Morrissey College of Arts and Sciences,19
International Studies,2015,Morrissey College of Arts and Sciences,244
Independent,2015,Morrissey College of Arts and Sciences,0
History,2015,Morrissey College of Arts and Sciences,291
Hispanic Studies,2015,Morrissey College of Arts and Sciences,34
German,2015,Morrissey College of Arts and Sciences,9
Geological Sciences,2015,Morrissey College of Arts and Sciences,
Geological Sci./Environmental Geosciences,2015,Morrissey College of Arts and Sciences,70
French,2015,Morrissey College of Arts and Sciences,23
Film Studies,2015,Morrissey College of Arts and Sciences,45
Environmental Studies,2015,Morrissey College of Arts and Sciences,26
Environmental Geosciences,2015,Morrissey College of Arts and Sciences,
English,2015,Morrissey College of Arts and Sciences,466
Economics,2015,Morrissey College of Arts and Sciences,1031
Computer Science,2015,Morrissey College of Arts and Sciences,182
Communication,2015,Morrissey College of Arts and Sciences,763
Classics,2015,Morrissey College of Arts and Sciences,28
Chemistry,2015,Morrissey College of Arts and Sciences,142
Biology,2015,Morrissey College of Arts and Sciences,860
Biochemistry,2015,Morrissey College of Arts and Sciences,260
Art History,2015,Morrissey College of Arts and Sciences,36
Theology,2016,Morrissey College of Arts and Sciences,60
Theatre,2016,Morrissey College of Arts and Sciences,57
Studio Art,2016,Morrissey College of Arts and Sciences,27
Sociology,2016,Morrissey College of Arts and Sciences,175
Psychology,2016,Morrissey College of Arts and Sciences,492
Political Science,2016,Morrissey College of Arts and Sciences,819
Physics,2016,Morrissey College of Arts and Sciences,93
Philosophy,2016,Morrissey College of Arts and Sciences,188
Music,2016,Morrissey College of Arts and Sciences,24
Mathematics,2016,Morrissey College of Arts and Sciences,348
Italian,2016,Morrissey College of Arts and Sciences,0
Islamic Civilization & Societies,2016,Morrissey College of Arts and Sciences,20
International Studies,2016,Morrissey College of Arts and Sciences,248
Independent,2016,Morrissey College of Arts and Sciences,0
History,2016,Morrissey College of Arts and Sciences,277
Hispanic Studies,2016,Morrissey College of Arts and Sciences,42
German,2016,Morrissey College of Arts and Sciences,12
Geological Sciences,2016,Morrissey College of Arts and Sciences,11
Geological Sci./Environmental Geosciences,2016,Morrissey College of Arts and Sciences,
French,2016,Morrissey College of Arts and Sciences,23
Film Studies,2016,Morrissey College of Arts and Sciences,24
Environmental Studies,2016,Morrissey College of Arts and Sciences,48
Environmental Geosciences,2016,Morrissey College of Arts and Sciences,39
English,2016,Morrissey College of Arts and Sciences,431
Economics,2016,Morrissey College of Arts and Sciences,1138
Computer Science,2016,Morrissey College of Arts and Sciences,238
Communication,2016,Morrissey College of Arts and Sciences,787
Classics,2016,Morrissey College of Arts and Sciences,17
Chemistry,2016,Morrissey College of Arts and Sciences,112
Biology,2016,Morrissey College of Arts and Sciences,888
Biochemistry,2016,Morrissey College of Arts and Sciences,261
Art History,2016,Morrissey College of Arts and Sciences,43
Linguistics,1990,Morrissey College of Arts and Sciences,
Neuroscience,1990,Morrissey College of Arts and Sciences,
Russian,1990,Morrissey College of Arts and Sciences,
Slavic Studies,1990,Morrissey College of Arts and Sciences,
Linguistics,1991,Morrissey College of Arts and Sciences,
Neuroscience,1991,Morrissey College of Arts and Sciences,
Russian,1991,Morrissey College of Arts and Sciences,
Slavic Studies,1991,Morrissey College of Arts and Sciences,
Linguistics,1992,Morrissey College of Arts and Sciences,
Neuroscience,1992,Morrissey College of Arts and Sciences,
Russian,1992,Morrissey College of Arts and Sciences,
Slavic Studies,1992,Morrissey College of Arts and Sciences,
Linguistics,1993,Morrissey College of Arts and Sciences,
Neuroscience,1993,Morrissey College of Arts and Sciences,
Russian,1993,Morrissey College of Arts and Sciences,
Slavic Studies,1993,Morrissey College of Arts and Sciences,
Linguistics,1994,Morrissey College of Arts and Sciences,
Neuroscience,1994,Morrissey College of Arts and Sciences,
Russian,1994,Morrissey College of Arts and Sciences,
Slavic Studies,1994,Morrissey College of Arts and Sciences,
Linguistics,1995,Morrissey College of Arts and Sciences,
Neuroscience,1995,Morrissey College of Arts and Sciences,
Russian,1995,Morrissey College of Arts and Sciences,
Slavic Studies,1995,Morrissey College of Arts and Sciences,
Linguistics,1996,Morrissey College of Arts and Sciences,
Neuroscience,1996,Morrissey College of Arts and Sciences,
Russian,1996,Morrissey College of Arts and Sciences,
Slavic Studies,1996,Morrissey College of Arts and Sciences,
Linguistics,1997,Morrissey College of Arts and Sciences,
Neuroscience,1997,Morrissey College of Arts and Sciences,
Russian,1997,Morrissey College of Arts and Sciences,
Slavic Studies,1997,Morrissey College of Arts and Sciences,
Linguistics,1998,Morrissey College of Arts and Sciences,
Neuroscience,1998,Morrissey College of Arts and Sciences,
Russian,1998,Morrissey College of Arts and Sciences,
Slavic Studies,1998,Morrissey College of Arts and Sciences,
Linguistics,1999,Morrissey College of Arts and Sciences,
Neuroscience,1999,Morrissey College of Arts and Sciences,
Russian,1999,Morrissey College of Arts and Sciences,
Slavic Studies,1999,Morrissey College of Arts and Sciences,
Linguistics,2000,Morrissey College of Arts and Sciences,
Neuroscience,2000,Morrissey College of Arts and Sciences,
Russian,2000,Morrissey College of Arts and Sciences,
Slavic Studies,2000,Morrissey College of Arts and Sciences,
Linguistics,2001,Morrissey College of Arts and Sciences,
Neuroscience,2001,Morrissey College of Arts and Sciences,
Russian,2001,Morrissey College of Arts and Sciences,
Slavic Studies,2001,Morrissey College of Arts and Sciences,
Linguistics,2002,Morrissey College of Arts and Sciences,
Neuroscience,2002,Morrissey College of Arts and Sciences,
Russian,2002,Morrissey College of Arts and Sciences,
Slavic Studies,2002,Morrissey College of Arts and Sciences,
Linguistics,2003,Morrissey College of Arts and Sciences,
Neuroscience,2003,Morrissey College of Arts and Sciences,
Russian,2003,Morrissey College of Arts and Sciences,
Slavic Studies,2003,Morrissey College of Arts and Sciences,
Linguistics,2004,Morrissey College of Arts and Sciences,
Neuroscience,2004,Morrissey College of Arts and Sciences,
Russian,2004,Morrissey College of Arts and Sciences,
Slavic Studies,2004,Morrissey College of Arts and Sciences,
Linguistics,2005,Morrissey College of Arts and Sciences,
Neuroscience,2005,Morrissey College of Arts and Sciences,
Russian,2005,Morrissey College of Arts and Sciences,
Slavic Studies,2005,Morrissey College of Arts and Sciences,
Linguistics,2006,Morrissey College of Arts and Sciences,
Neuroscience,2006,Morrissey College of Arts and Sciences,
Russian,2006,Morrissey College of Arts and Sciences,
Slavic Studies,2006,Morrissey College of Arts and Sciences,
Linguistics,2007,Morrissey College of Arts and Sciences,
Neuroscience,2007,Morrissey College of Arts and Sciences,
Russian,2007,Morrissey College of Arts and Sciences,
Slavic Studies,2007,Morrissey College of Arts and Sciences,
Linguistics,2008,Morrissey College of Arts and Sciences,
Neuroscience,2008,Morrissey College of Arts and Sciences,
Russian,2008,Morrissey College of Arts and Sciences,
Slavic Studies,2008,Morrissey College of Arts and Sciences,
Linguistics,2009,Morrissey College of Arts and Sciences,
Neuroscience,2009,Morrissey College of Arts and Sciences,
Russian,2009,Morrissey College of Arts and Sciences,
Slavic Studies,2009,Morrissey College of Arts and Sciences,
Linguistics,2010,Morrissey College of Arts and Sciences,37
Neuroscience,2010,Morrissey College of Arts and Sciences,
Russian,2010,Morrissey College of Arts and Sciences,6
Slavic Studies,2010,Morrissey College of Arts and Sciences,10
Linguistics,2011,Morrissey College of Arts and Sciences,23
Neuroscience,2011,Morrissey College of Arts and Sciences,
Russian,2011,Morrissey College of Arts and Sciences,3
Slavic Studies,2011,Morrissey College of Arts and Sciences,11
Linguistics,2012,Morrissey College of Arts and Sciences,33
Neuroscience,2012,Morrissey College of Arts and Sciences,
Russian,2012,Morrissey College of Arts and Sciences,4
Slavic Studies,2012,Morrissey College of Arts and Sciences,6
Linguistics,2013,Morrissey College of Arts and Sciences,28
Neuroscience,2013,Morrissey College of Arts and Sciences,
Russian,2013,Morrissey College of Arts and Sciences,3
Slavic Studies,2013,Morrissey College of Arts and Sciences,3
Linguistics,2014,Morrissey College of Arts and Sciences,24
Neuroscience,2014,Morrissey College of Arts and Sciences,
Russian,2014,Morrissey College of Arts and Sciences,1
Slavic Studies,2014,Morrissey College of Arts and Sciences,3
Linguistics,2015,Morrissey College of Arts and Sciences,30
Neuroscience,2015,Morrissey College of Arts and Sciences,
Russian,2015,Morrissey College of Arts and Sciences,1
Slavic Studies,2015,Morrissey College of Arts and Sciences,4
Linguistics,2016,Morrissey College of Arts and Sciences,32
Neuroscience,2016,Morrissey College of Arts and Sciences,
Russian,2016,Morrissey College of Arts and Sciences,1
Slavic Studies,2016,Morrissey College of Arts and Sciences,3
Geological Sci./Environmental Geosciences,2017,Morrissey College of Arts and Sciences,
Linguistics,2017,Morrissey College of Arts and Sciences,20
Neuroscience,2017,Morrissey College of Arts and Sciences,
Russian,2017,Morrissey College of Arts and Sciences,1
Slavic Studies,2017,Morrissey College of Arts and Sciences,4
Geological Sci./Environmental Geosciences,2018,Morrissey College of Arts and Sciences,
Linguistics,2018,Morrissey College of Arts and Sciences,18
Neuroscience,2018,Morrissey College of Arts and Sciences,
Russian,2018,Morrissey College of Arts and Sciences,4
Slavic Studies,2018,Morrissey College of Arts and Sciences,2
Art History,2019,Morrissey College of Arts and Sciences,23
Biochemistry,2019,Morrissey College of Arts and Sciences,258
Biology,2019,Morrissey College of Arts and Sciences,936
Chemistry,2019,Morrissey College of Arts and Sciences,115
Classics,2019,Morrissey College of Arts and Sciences,24
Communication,2019,Morrissey College of Arts and Sciences,678
Computer Science,2019,Morrissey College of Arts and Sciences,452
Economics,2019,Morrissey College of Arts and Sciences,1042
English,2019,Morrissey College of Arts and Sciences,394
Environmental Geosciences,2019,Morrissey College of Arts and Sciences,40
Environmental Studies,2019,Morrissey College of Arts and Sciences,67
Film Studies,2019,Morrissey College of Arts and Sciences,42
French,2019,Morrissey College of Arts and Sciences,13
Geological Sci./Environmental Geosciences,2019,Morrissey College of Arts and Sciences,
Geological Sciences,2019,Morrissey College of Arts and Sciences,3
German,2019,Morrissey College of Arts and Sciences,4
Hispanic Studies,2019,Morrissey College of Arts and Sciences,21
History,2019,Morrissey College of Arts and Sciences,238
Independent,2019,Morrissey College of Arts and Sciences,1
International Studies,2019,Morrissey College of Arts and Sciences,261
Islamic Civilization & Societies,2019,Morrissey College of Arts and Sciences,15
Italian,2019,Morrissey College of Arts and Sciences,3
Linguistics,2019,Morrissey College of Arts and Sciences,19
Mathematics,2019,Morrissey College of Arts and Sciences,332
Music,2019,Morrissey College of Arts and Sciences,23
Neuroscience,2019,Morrissey College of Arts and Sciences,97
Philosophy,2019,Morrissey College of Arts and Sciences,209
Physics,2019,Morrissey College of Arts and Sciences,79
Political Science,2019,Morrissey College of Arts and Sciences,867
Psychology,2019,Morrissey College of Arts and Sciences,470
Russian,2019,Morrissey College of Arts and Sciences,5
Slavic Studies,2019,Morrissey College of Arts and Sciences,1
Sociology,2019,Morrissey College of Arts and Sciences,173
Studio Art,2019,Morrissey College of Arts and Sciences,24
Theatre,2019,Morrissey College of Arts and Sciences,41
Theology,2019,Morrissey College of Arts and Sciences,37
